course_id,seek_video#num,play_video#num,pause_video#num,stop_video#num,load_video#num,problem_get#num,problem_check#num,problem_save#num,reset_problem#num,problem_check_correct#num,problem_check_incorrect#num,click_forum#num,create_thread#num,create_comment#num,delete_thread#num,delete_comment#num,close_forum#num,click_courseware#num,close_courseware#num
0.0,10.348557692307692,16.165865384615383,25.783653846153847,15.413461538461538,12.617788461538462,13.850961538461538,6.334134615384615,0.2283653846153846,0.0096153846153846,4.548076923076923,3.34375,0.8629807692307693,0.0264423076923076,0.1225961538461538,0.0024038461538461,0.0048076923076923,0.0,23.439903846153847,10.70673076923077
1.0,5.331983805668016,12.392712550607287,16.68421052631579,1.51417004048583,6.603238866396761,10.991902834008098,5.202429149797571,0.8097165991902834,0.0,3.8218623481781377,1.5222672064777327,1.222672064777328,0.1255060728744939,0.0323886639676113,0.0,0.0040485829959514,0.0,20.072874493927124,8.433198380566802
10.0,12.919082939986511,19.401888064733647,15.901550910316924,31.89750505731625,11.639919082939986,10.605529332434257,6.287255563047876,0.1537424140256237,0.0,3.30546190155091,2.939312204989885,0.7120701281186783,0.0391099123398516,0.0606877950101146,0.0020229265003371,0.0013486176668914,0.0006743088334457,15.574511126095752,10.824005394470667
100.0,12.063758389261745,16.20805369127517,21.50503355704698,9.426174496644297,6.251677852348993,4.271812080536913,1.941275167785235,0.9395973154362416,0.0,0.8926174496644296,1.5906040268456376,0.7869127516778524,0.0184563758389261,0.2449664429530201,0.0016778523489932,0.0033557046979865,0.0,14.476510067114091,6.442953020134228
101.0,18.259139784946235,42.075268817204304,74.44408602150537,96.28494623655914,40.17634408602151,41.347311827956986,9.636559139784946,4.583870967741936,0.0,13.80537634408602,1.0741935483870968,11.344086021505376,0.4118279569892473,4.120430107526881,0.0043010752688172,0.0849462365591397,0.0,104.61612903225806,43.30752688172043
102.0,8.038095238095238,10.184126984126983,18.025396825396825,3.5428571428571427,9.32063492063492,2.66031746031746,0.9111111111111112,0.9523809523809524,0.0,0.5396825396825397,0.3301587301587301,0.0,0.0063492063492063,0.0126984126984126,0.0,0.0,0.0,0.0,5.20952380952381
103.0,7.46875,14.177083333333334,19.725,2.2104166666666667,7.270833333333333,16.989583333333332,7.25625,1.0145833333333334,0.0,6.991666666666666,4.616666666666666,0.9729166666666668,0.0229166666666666,0.0916666666666666,0.0,0.0041666666666666,0.0,15.441666666666666,6.554166666666666
104.0,8.65903890160183,17.494279176201374,25.88329519450801,29.562929061784896,14.327231121281464,0.0,0.0,0.0,0.0,0.0,0.0,1.613272311212815,0.022883295194508,0.0709382151029748,0.0,0.0,0.0,25.73684210526316,11.743707093821511
105.0,9.576923076923077,9.756410256410255,8.397435897435898,1.8205128205128205,11.666666666666666,21.35897435897436,9.551282051282053,0.5897435897435898,0.0,6.423076923076923,3.1153846153846154,0.8333333333333334,0.282051282051282,0.2179487179487179,0.0,0.0,0.0,12.025641025641026,4.884615384615385
106.0,4.5245098039215685,6.941176470588236,10.323529411764708,1.3235294117647058,4.573529411764706,3.5588235294117645,2.107843137254902,0.5343137254901961,0.0,2.073529411764706,0.3578431372549019,0.4117647058823529,0.0049019607843137,0.0098039215686274,0.0049019607843137,0.0,0.0,10.220588235294118,3.9705882352941178
107.0,7.452107279693487,13.095785440613026,19.693486590038315,15.77777777777778,7.973180076628353,40.13409961685824,41.89272030651341,0.0,0.0,28.295019157088124,26.04597701149425,0.6436781609195402,0.0344827586206896,0.2605363984674329,0.0,0.0,0.0,23.42911877394636,9.93103448275862
108.0,11.73103448275862,24.160919540229884,32.698850574712644,4.949425287356322,9.972413793103447,9.781609195402298,4.436781609195402,1.3724137931034484,0.9747126436781608,4.204597701149425,1.7080459770114942,0.632183908045977,0.0022988505747126,0.0183908045977011,0.0,0.0,0.0,26.31494252873563,11.23448275862069
109.0,10.266490765171504,27.572559366754614,24.097625329815305,7.62269129287599,12.865435356200528,8.986807387862797,3.744063324538258,0.8390501319261213,0.0,3.0474934036939314,0.8232189973614775,1.1055408970976253,0.0263852242744063,0.0606860158311345,0.0,0.0,0.0,34.736147757255935,11.949868073878628
11.0,5.877682403433476,12.990343347639485,20.67703862660944,17.55579399141631,10.142703862660944,13.217811158798284,7.087982832618025,2.125536480686695,0.0,6.431330472103005,2.915236051502146,1.194206008583691,0.0439914163090128,0.2296137339055794,0.0075107296137339,0.0203862660944206,0.0,19.393776824034333,8.836909871244636
110.0,2.229461756373938,8.130311614730878,8.320113314447593,2.331444759206799,5.9886685552407934,0.0,0.0,0.0,0.0,0.0,0.0,0.6657223796033994,0.0283286118980169,0.0623229461756373,0.0,0.0028328611898017,0.0,11.26912181303116,4.181303116147308
111.0,6.003460207612457,10.29757785467128,8.508650519031141,23.66089965397924,7.2387543252595155,2.9377162629757785,1.4498269896193772,0.3425605536332179,0.0,0.5363321799307958,0.8927335640138409,0.5432525951557093,0.0242214532871972,0.0415224913494809,0.0,0.0069204152249134,0.0,14.183391003460208,6.591695501730104
112.0,9.880555555555556,16.566666666666666,13.991666666666667,6.8277777777777775,7.322222222222222,4.422222222222223,4.877777777777778,0.0,0.0,2.475,2.4138888888888888,0.0,0.0138888888888888,0.0361111111111111,0.0,0.0,0.0,0.0,6.397222222222222
113.0,5.529680365296803,14.856164383561644,19.426940639269407,8.794520547945206,7.125570776255708,43.87671232876713,33.990867579908674,0.0,0.0,25.10958904109589,18.789954337899545,1.317351598173516,0.0433789954337899,0.1666666666666666,0.002283105022831,0.0068493150684931,0.0,24.75799086757991,10.97945205479452
114.0,3.3073170731707315,14.414634146341465,14.760975609756098,4.202439024390244,10.11219512195122,6.736585365853658,3.4390243902439024,1.0365853658536586,0.0,2.682926829268293,1.0731707317073171,0.951219512195122,0.0707317073170731,0.0560975609756097,0.0,0.0,0.0,24.40487804878049,8.782926829268293
115.0,6.276243093922652,10.546961325966851,13.320441988950275,1.2430939226519335,4.464088397790055,1.143646408839779,0.3480662983425414,0.5359116022099447,0.0,0.3093922651933701,0.2375690607734806,0.7569060773480663,0.0,0.0607734806629834,0.0,0.011049723756906,0.0,10.955801104972377,4.50828729281768
116.0,8.828899321857069,23.65414710485133,19.114241001564945,33.86750130412102,15.011997913406365,0.0,0.0,0.0,0.0,0.0,0.0,0.0,0.028169014084507,0.1199791340636411,0.0005216484089723,0.0010432968179447,0.0,0.0,10.478351591027648
117.0,5.599597585513078,12.893360160965797,20.148893360160965,5.507042253521127,8.370221327967807,42.38430583501006,7.651911468812877,0.096579476861167,0.0020120724346076,2.189134808853119,5.5392354124748495,0.5995975855130785,0.0160965794768611,0.0241448692152917,0.0,0.0,0.0,12.507042253521126,4.9758551307847085
118.0,5.671814671814672,11.826254826254829,16.320463320463322,6.301158301158301,5.247104247104248,1.2316602316602316,0.5868725868725869,0.0,0.0,0.7915057915057915,0.277992277992278,1.084942084942085,0.0115830115830115,0.0849420849420849,0.0,0.0,0.0,18.664092664092664,8.455598455598455
119.0,3.4984126984126984,8.066666666666666,6.673015873015873,5.314285714285714,4.447619047619048,1.7142857142857142,1.2285714285714286,0.0,0.0,0.5619047619047619,0.6666666666666666,0.0,0.0,0.0095238095238095,0.0,0.0,0.0,0.0,4.428571428571429
12.0,3.70048309178744,9.458937198067632,12.76731078904992,26.53059581320451,4.473429951690822,3.893719806763285,1.8236714975845407,0.8542673107890499,0.0,1.1119162640901772,0.9412238325281804,0.5958132045088567,0.0064412238325281,0.0128824476650563,0.0,0.0,0.0,12.801127214170693,5.152979066022544
120.0,0.3123689727463312,1.2955974842767295,3.6876310272536688,1.2914046121593292,2.6666666666666665,4.649895178197065,2.1153039832285114,0.1090146750524109,0.0628930817610062,1.610062893081761,0.9475890985324948,0.4758909853249476,0.0,0.0062893081761006,0.0,0.0,0.0,11.033542976939204,4.9245283018867925
121.0,2.58091286307054,6.1120331950207465,8.016597510373444,0.7385892116182573,2.954356846473029,0.0,0.0,0.0,0.0,0.0,0.0,3.087136929460581,0.0165975103734439,0.1991701244813278,0.0,0.0,0.0,19.09128630705394,8.302904564315353
122.0,5.4928,15.656,12.8864,28.8688,9.2608,0.0,0.0,0.0,0.0,0.0,0.0,1.5184,0.0384,0.1408,0.0016,0.0048,0.0,15.04,8.4368
123.0,11.210708117443868,17.409326424870468,27.1986183074266,10.160621761658032,14.164075993091537,20.381692573402415,9.284974093264248,0.2815198618307427,0.006908462867012,5.9499136442141625,5.630397236614853,1.0431778929188256,0.0362694300518134,0.0690846286701209,0.0,0.003454231433506,0.0,29.787564766839377,11.784110535405873
124.0,6.913875598086125,10.799043062200957,15.741626794258371,1.6411483253588517,6.15311004784689,4.110047846889952,2.555023923444976,1.105263157894737,0.0,1.6889952153110048,1.1722488038277512,1.9521531100478469,0.0861244019138756,0.0574162679425837,0.0,0.0,0.0,11.263157894736842,5.177033492822966
125.0,3.0964467005076144,12.746192893401016,9.142131979695431,1.0304568527918785,4.472081218274112,1.2741116751269037,1.284263959390863,0.0,0.0,0.6243654822335025,0.6649746192893401,0.0,0.0101522842639593,0.0253807106598984,0.0,0.0,0.0,0.0,6.294416243654823
126.0,6.61609907120743,11.170278637770895,15.91640866873065,1.3188854489164086,8.981424148606811,11.328173374613003,5.882352941176471,0.0,0.0,2.3962848297213624,3.845201238390093,1.0,0.0185758513931888,0.0185758513931888,0.0,0.0,0.0,19.07430340557276,8.712074303405572
127.0,3.801980198019802,8.207920792079207,12.46039603960396,2.366336633663366,5.232673267326732,4.336633663366337,1.5396039603960396,0.5247524752475248,0.0,2.0247524752475248,0.5396039603960396,0.9702970297029704,0.0049504950495049,0.0247524752475247,0.0,0.0,0.0,12.816831683168315,5.8861386138613865
128.0,6.384217335058215,11.97542043984476,16.970245795601553,18.52263906856404,7.720569210866753,10.258732212160414,3.877102199223804,2.172056921086676,0.0,3.852522639068564,2.166882276843467,0.8732212160413971,0.0116429495472186,0.1177231565329883,0.0168175937904269,0.0038809831824062,0.0,16.698576972833116,6.538163001293661
129.0,7.38974358974359,14.856410256410255,11.225641025641025,12.93846153846154,13.656410256410256,31.80512820512821,12.051282051282053,2.333333333333333,0.0,9.261538461538462,2.7384615384615385,0.0,0.0307692307692307,0.0256410256410256,0.0,0.0,0.0,0.0,6.517948717948718
13.0,7.815384615384615,25.603296703296703,48.113186813186815,79.39010989010988,29.33186813186813,19.47142857142857,8.639560439560439,1.4054945054945054,0.0,7.538461538461538,2.017582417582417,1.1362637362637362,0.0054945054945054,0.0252747252747252,0.0,0.0021978021978021,0.0,100.28461538461538,43.38021978021978
130.0,6.901587301587302,18.50793650793651,12.704761904761904,37.333333333333336,13.285714285714286,20.66984126984127,13.603174603174605,0.0,0.0,10.244444444444444,3.3682539682539683,1.326984126984127,0.0444444444444444,0.0761904761904762,0.0031746031746031,0.0063492063492063,0.0,27.33015873015873,13.285714285714286
131.0,27.52212389380531,49.17256637168141,44.73451327433628,7.800884955752212,17.146017699115045,10.951327433628318,11.18141592920354,0.0,0.0,2.694690265486725,10.256637168141593,0.0,0.0575221238938053,0.4646017699115044,0.0044247787610619,0.0044247787610619,0.0,0.0,13.876106194690266
132.0,5.132222222222223,9.85777777777778,14.557777777777778,5.031111111111112,6.081111111111111,11.294444444444444,2.844444444444445,0.0,0.0,3.053333333333333,1.0888888888888888,1.2933333333333332,0.0133333333333333,0.0311111111111111,0.0,0.0,0.0,10.753333333333334,4.888888888888889
133.0,5.81651376146789,11.513761467889909,19.70183486238532,89.3256880733945,10.3302752293578,0.0,0.0,0.0,0.0,0.0,0.0,0.1880733944954128,0.0,0.0,0.0,0.0,0.0,16.94954128440367,7.619266055045871
134.0,5.420765027322404,15.825136612021858,22.7103825136612,46.89890710382514,9.592896174863387,2.1174863387978142,1.133879781420765,0.7049180327868853,0.0,0.8278688524590164,0.726775956284153,0.7213114754098361,0.0218579234972677,0.0327868852459016,0.0,0.0,0.0,23.19945355191257,10.412568306010929
135.0,2.3227848101265822,6.917721518987341,11.613924050632912,4.873417721518988,5.7215189873417724,0.0,0.0,0.0,0.0,0.0,0.0,0.4493670886075949,0.0063291139240506,0.0,0.0,0.0,0.0,10.50632911392405,3.746835443037975
136.0,16.62472885032538,25.45119305856833,39.4295010845987,9.010845986984815,18.37527114967462,23.436008676789587,8.091106290672451,4.238611713665944,0.0,8.99349240780911,2.3297180043383947,1.6811279826464207,0.0086767895878524,0.1778741865509761,0.0,0.0130151843817787,0.0,40.38611713665944,16.928416485900218
137.0,12.259803921568627,28.399509803921568,25.08823529411765,55.8639705882353,14.175245098039216,10.661151960784316,5.677696078431373,1.5410539215686274,1.1090686274509804,3.860906862745098,2.050857843137255,1.375612745098039,0.0238970588235294,0.1323529411764706,0.0159313725490196,0.0128676470588235,0.0,36.0373774509804,13.231617647058824
138.0,9.718875502008032,16.78714859437751,35.71084337349398,34.2710843373494,23.67269076305221,42.36546184738956,14.170682730923694,1.995983935742972,0.0,14.279116465863456,2.3132530120481927,3.072289156626506,0.1767068273092369,0.3453815261044177,0.0,0.002008032128514,0.0,43.20281124497992,18.6144578313253
139.0,4.591911764705882,7.382352941176471,5.908088235294118,33.62867647058823,4.970588235294118,4.757352941176471,3.0073529411764706,0.0,0.0,1.4522058823529411,1.5551470588235294,0.0,0.0147058823529411,0.0073529411764705,0.0,0.0,0.0,0.0,4.735294117647059
14.0,7.359090909090909,9.636363636363637,18.03181818181818,3.5681818181818183,11.477272727272728,10.063636363636364,5.486363636363636,0.0454545454545454,0.0,2.636363636363636,4.281818181818182,1.3590909090909091,0.0181818181818181,0.009090909090909,0.0,0.0,0.0,17.759090909090908,8.286363636363637
140.0,4.891454965357967,11.648960739030024,16.304849884526558,7.586605080831409,8.381062355658198,0.9491916859122402,0.1224018475750577,0.1893764434180138,0.0,0.0346420323325635,0.1247113163972286,0.7990762124711316,0.0138568129330254,0.0369515011547344,0.0,0.0,0.0,26.986143187066972,12.055427251732102
141.0,17.410169491525423,20.47457627118644,28.596610169491527,12.138983050847456,9.105084745762712,5.593220338983051,3.013559322033898,0.8813559322033898,0.0,2.0372881355932204,1.823728813559322,1.8847457627118644,0.0644067796610169,0.5254237288135594,0.0067796610169491,0.0135593220338983,0.0,19.4271186440678,8.155932203389831
142.0,5.224913494809688,11.290657439446369,14.110726643598616,8.242214532871973,4.9342560553633215,0.0,0.0,0.0,0.0,0.0,0.0,1.3806228373702425,0.0692041522491349,0.1660899653979238,0.0,0.0,0.0,12.166089965397925,4.809688581314879
143.0,4.761316872427984,9.54320987654321,14.386831275720164,2.6995884773662557,5.621399176954733,1.8271604938271604,0.9670781893004116,0.7530864197530864,0.4897119341563786,0.242798353909465,1.0617283950617284,0.5802469135802469,0.0205761316872428,0.0123456790123456,0.0,0.0,0.0,12.51851851851852,5.436213991769547
144.0,6.262247838616715,13.495677233429396,10.585014409221902,56.3314121037464,9.204610951008643,0.0,0.0,0.0,0.0,0.0,0.0,0.0,0.063400576368876,0.1642651296829971,0.0028818443804034,0.0057636887608069,0.0,0.0,8.662824207492795
145.0,10.062124248496994,19.006012024048097,26.82965931863728,4.074148296593187,8.87374749498998,4.623246492985972,2.404809619238477,1.6032064128256514,0.3847695390781563,1.18436873747495,2.100200400801603,1.0420841683366733,0.0400801603206412,0.1442885771543086,0.002004008016032,0.0,0.0,21.65731462925852,9.01002004008016
146.0,8.557184750733137,15.86217008797654,13.60117302052786,6.832844574780059,7.624633431085044,12.859237536656892,8.090909090909092,0.4398826979472141,0.0,3.495601173020528,4.9208211143695015,0.6187683284457478,0.0087976539589442,0.0469208211143695,0.0,0.0,0.0,17.788856304985337,6.404692082111437
147.0,22.009478672985782,26.04739336492891,40.40284360189573,13.995260663507109,20.67772511848341,15.350710900473931,5.23696682464455,1.180094786729858,0.0,4.38388625592417,1.7677725118483412,0.919431279620853,0.0094786729857819,0.0331753554502369,0.0,0.0,0.0,49.90521327014218,21.03791469194313
148.0,6.89272503082614,12.918618988902589,10.462392108508014,9.827373612823674,8.198520345252774,217.750924784217,1.2416769420468556,0.0,0.0,0.3538840937114673,1.3033292231812577,0.0,0.0493218249075215,0.1775585696670776,0.001233045622688,0.002466091245376,0.0,0.0,10.219482120838473
149.0,5.684523809523809,7.726190476190476,11.75595238095238,3.4047619047619047,4.696428571428571,12.220238095238097,5.523809523809524,0.0,0.0,4.386904761904762,3.0535714285714284,0.5059523809523809,0.0119047619047619,0.0059523809523809,0.0,0.0059523809523809,0.0,12.279761904761903,5.666666666666667
15.0,11.80327868852459,13.39344262295082,19.508196721311474,21.39344262295082,8.524590163934427,1.9180327868852456,1.7704918032786885,0.6229508196721312,0.0,0.8360655737704918,1.1639344262295082,0.4918032786885246,0.0,0.0,0.0,0.0,0.0,25.114754098360656,10.770491803278688
150.0,16.879712746858168,26.843806104129264,23.36983842010772,29.81328545780969,13.161579892280072,14.579892280071814,12.007181328545782,0.5888689407540395,0.0,6.718132854578097,5.506283662477558,0.8473967684021544,0.0071813285457809,0.03770197486535,0.0,0.0,0.0,33.535008976660684,12.366247755834827
151.0,7.108910891089109,10.589108910891088,15.772277227722771,8.5,7.306930693069307,7.955445544554456,2.549504950495049,0.2623762376237624,0.0,2.0693069306930694,3.688118811881188,0.599009900990099,0.0297029702970297,0.0297029702970297,0.0,0.0,0.0,9.227722772277229,4.084158415841584
152.0,7.810055865921788,10.69832402234637,14.005586592178773,0.4525139664804469,4.966480446927374,12.374301675977652,3.832402234636872,3.022346368715084,0.0,3.7486033519553073,1.2849162011173183,0.6201117318435754,0.0167597765363128,0.0279329608938547,0.0167597765363128,0.0,0.0,8.608938547486034,3.6871508379888263
153.0,4.739652870493992,11.412550066755674,9.929238985313752,12.332443257676903,6.124165554072096,2.4819759679572764,1.0253671562082778,0.0,0.0,0.6822429906542056,0.3431241655540721,0.650200267022697,0.0400534045393858,0.041388518024032,0.0,0.0,0.0,13.83177570093458,8.958611481975968
154.0,9.764192139737991,17.510917030567686,14.353711790393014,4.812227074235808,10.903930131004367,8.716157205240174,6.598253275109171,0.2620087336244541,0.0,4.663755458515284,1.9344978165938864,0.4716157205240174,0.0131004366812227,0.0174672489082969,0.0,0.0,0.0,14.388646288209609,7.947598253275109
155.0,9.453257790368273,19.36543909348442,25.762039660056654,4.957507082152975,10.864022662889518,14.082152974504249,5.84985835694051,0.9943342776203966,0.0,4.620396600566572,2.328611898016997,1.5127478753541077,0.0538243626062322,0.1501416430594901,0.0028328611898017,0.0028328611898017,0.0,26.08498583569405,10.824362606232295
156.0,5.997311827956989,11.647849462365592,15.849462365591398,57.81989247311828,6.28494623655914,13.166666666666666,3.2419354838709675,2.139784946236559,0.0,2.3978494623655915,1.6720430107526882,1.6720430107526882,0.0672043010752688,0.2150537634408602,0.0,0.0026881720430107,0.0,16.172043010752688,7.271505376344086
157.0,7.889763779527559,29.83989501312336,25.711286089238847,14.41469816272966,12.763779527559056,7.110236220472441,4.3254593175853016,0.5511811023622047,0.0,3.005249343832021,1.3202099737532809,0.0,0.1443569553805774,0.6141732283464567,0.0131233595800524,0.0131233595800524,0.0,0.0,12.20472440944882
158.0,4.296296296296297,7.792592592592593,11.6,2.325925925925926,4.407407407407407,8.096296296296297,3.422222222222222,0.9185185185185184,0.0,3.6296296296296298,0.6074074074074074,0.6518518518518519,0.0148148148148148,0.0888888888888888,0.0,0.0,0.0,7.148148148148148,3.414814814814815
159.0,7.060714285714286,16.242857142857144,23.75357142857143,11.9,11.142857142857142,12.928571428571429,6.007142857142857,0.6785714285714286,0.0,4.410714285714286,2.632142857142857,0.6,0.0214285714285714,0.0107142857142857,0.0035714285714285,0.0,0.0,19.739285714285717,8.092857142857143
16.0,20.474452554744527,33.518248175182485,44.75182481751825,6.54014598540146,13.124087591240876,11.62043795620438,6.328467153284672,0.656934306569343,0.0,4.62043795620438,2.1824817518248176,1.218978102189781,0.0656934306569343,0.0656934306569343,0.0072992700729927,0.0145985401459854,0.0,19.99270072992701,8.248175182481752
160.0,11.666666666666666,20.28373015873016,18.557539682539684,2.232142857142857,6.186507936507937,18.92063492063492,10.468253968253968,0.496031746031746,0.0,8.128968253968255,2.2956349206349205,3.9642857142857135,0.0714285714285714,0.2242063492063492,0.0079365079365079,0.0099206349206349,0.0,10.567460317460318,7.134920634920635
161.0,6.76875,17.2125,25.25625,10.33125,12.56875,12.1625,5.48125,1.6125,0.0,5.38125,1.025,0.78125,0.00625,0.025,0.0,0.0,0.0,34.5875,14.63125
162.0,6.64375,11.25625,15.08125,1.1875,4.76875,4.75625,1.95625,1.9375,0.0,1.225,1.425,0.35,0.0625,0.0375,0.0,0.0,0.0,8.60625,3.8125
163.0,4.0510948905109485,8.379562043795621,12.591240875912408,3.2773722627737225,6.145985401459854,0.0,0.0,0.0,0.0,0.0,0.0,0.3868613138686131,0.0,0.0072992700729927,0.0,0.0,0.0,11.518248175182482,4.532846715328467
164.0,2.122340425531915,4.6462765957446805,7.832446808510638,0.9680851063829788,3.827127659574468,5.132978723404255,2.0,0.925531914893617,0.0,1.622340425531915,0.7978723404255319,0.851063829787234,0.077127659574468,0.1409574468085106,0.0,0.0,0.0,10.034574468085106,4.457446808510638
165.0,12.64935064935065,27.071428571428573,38.00324675324676,114.58441558441558,15.78896103896104,5.672077922077922,2.691558441558441,0.4837662337662338,0.0,2.616883116883117,0.551948051948052,3.7240259740259742,0.0681818181818181,0.7207792207792207,0.0097402597402597,0.0032467532467532,0.0,45.10714285714285,17.243506493506494
166.0,3.6184738955823295,6.72289156626506,11.67871485943775,3.036144578313253,6.526104417670683,11.44578313253012,6.132530120481928,1.4056224899598393,0.0,3.534136546184739,4.068273092369478,0.6305220883534136,0.0160642570281124,0.0401606425702811,0.0040160642570281,0.0040160642570281,0.0,14.53012048192771,6.333333333333333
167.0,11.43916349809886,25.515209125475284,37.53041825095057,25.600760456273765,17.79087452471483,69.0342205323194,2.2072243346007605,0.0,0.0,0.4543726235741445,1.9182509505703425,2.230038022813688,0.0399239543726235,0.1026615969581749,0.0019011406844106,0.0,0.0,28.08745247148289,12.29657794676806
168.0,6.838821490467938,11.11785095320624,9.596187175043328,14.934142114384748,5.088388214904679,1.954939341421144,0.5580589254766031,0.2616984402079723,0.0,0.2235701906412478,0.3310225303292894,0.0,0.0173310225303292,0.0658578856152513,0.0,0.0017331022530329,0.0,0.0,5.320623916811092
169.0,12.321705426356589,28.01744186046512,37.37596899224806,41.849483204134366,12.21640826873385,12.731912144702845,5.135012919896641,2.4224806201550386,1.2680878552971575,4.571705426356589,2.54328165374677,1.1931524547803618,0.0251937984496124,0.1563307493540051,0.0116279069767441,0.0290697674418604,0.0,34.1266149870801,12.95671834625323
17.0,7.197841726618705,10.683453237410072,8.107913669064748,5.111510791366906,7.532374100719425,2.967625899280576,0.5827338129496403,0.0359712230215827,0.0,0.302158273381295,0.2805755395683453,0.7050359712230215,0.0251798561151079,0.014388489208633,0.0,0.0,0.0,10.694244604316546,6.33453237410072
170.0,16.319129646418858,30.502266545784224,24.650951949229373,25.916591115140527,22.234814143245693,13.474161378059836,10.329102447869449,0.2910244786944696,0.4224841341795104,7.656391659111514,2.660018132366274,1.824116047144152,0.0362647325475974,0.2221214868540344,0.0027198549410698,0.0027198549410698,0.0,17.01631912964642,11.57388939256573
171.0,22.144329896907216,38.396907216494846,33.5360824742268,4.077319587628866,13.93298969072165,39.81958762886598,11.536082474226804,0.3814432989690721,0.2164948453608247,8.551546391752577,2.9587628865979383,1.881443298969072,0.0206185567010309,0.654639175257732,0.0103092783505154,0.0927835051546391,0.0,16.95360824742268,11.030927835051546
172.0,20.15,33.265625,20.559375,1.596875,10.23125,6.525,2.4875,0.275,0.0,1.196875,1.29375,0.0,0.1,0.2875,0.003125,0.009375,0.0,0.0,11.171875
173.0,1.779816513761468,5.974770642201835,4.974770642201835,1.5267584097859328,4.005351681957187,0.0,0.0,0.0,0.0,0.0,0.0,0.6788990825688074,0.0061162079510703,0.018348623853211,0.0007645259938837,0.0007645259938837,0.0,6.14908256880734,2.4908256880733943
174.0,10.21656976744186,25.055232558139537,20.74709302325581,42.56104651162791,12.954941860465116,61.059593023255815,5.502906976744186,0.0,0.0,3.0130813953488373,2.7223837209302326,0.0,0.0261627906976744,0.065406976744186,0.001453488372093,0.001453488372093,0.0,0.0,11.460755813953488
175.0,2.8176470588235296,9.070588235294116,14.217647058823529,3.1323529411764706,6.252941176470588,9.273529411764706,5.547058823529412,0.8794117647058823,0.0,4.214705882352941,1.888235294117647,0.6470588235294118,0.0323529411764705,0.1294117647058823,0.0,0.0029411764705882,0.0,12.532352941176471,5.526470588235294
176.0,6.421052631578948,12.25263157894737,18.16842105263158,4.863157894736842,8.4,2.3789473684210525,1.4210526315789471,0.0,0.0,1.4947368421052631,0.7157894736842105,0.9789473684210528,0.0105263157894736,0.0526315789473684,0.0,0.0,0.0,21.11578947368421,9.68421052631579
177.0,5.283422459893048,13.60427807486631,19.74866310160428,4.727272727272728,8.903743315508022,0.0,0.0,0.0,0.0,0.0,0.0,0.5775401069518716,0.0320855614973262,0.0374331550802139,0.0,0.0,0.0,17.235294117647058,6.941176470588236
178.0,11.526548672566372,16.63274336283186,26.97345132743363,12.5,11.601769911504425,15.06637168141593,7.615044247787611,1.9867256637168145,0.0,5.836283185840708,3.1769911504424777,0.8672566371681416,0.0707964601769911,0.0973451327433628,0.0,0.0132743362831858,0.0,19.4070796460177,8.168141592920353
179.0,7.775510204081633,21.93877551020408,19.06530612244898,40.2204081632653,13.710204081632654,0.7673469387755102,0.689795918367347,0.1265306122448979,0.0,0.1755102040816326,0.5102040816326531,0.8285714285714286,0.0204081632653061,0.2816326530612245,0.0040816326530612,0.0,0.0,23.40816326530612,10.66938775510204
18.0,7.581132075471698,15.969811320754715,23.58490566037736,17.230188679245284,10.011320754716982,9.664150943396226,5.2,2.962264150943396,0.0,6.554716981132075,2.1924528301886794,0.6226415094339622,0.0528301886792452,0.0264150943396226,0.0,0.0,0.0,23.39245283018868,10.928301886792452
180.0,7.515509601181684,20.549483013293944,36.81240768094535,38.17134416543575,18.14475627769572,15.716395864106351,4.4623338257016245,2.342688330871492,0.0,4.444608567208272,1.5568685376661744,2.948301329394387,0.0709010339734121,0.6514032496307238,0.0088626292466765,0.0162481536189069,0.0,52.52141802067947,22.44165435745938
181.0,28.469827586206897,53.61465517241379,44.92844827586207,215.29137931034484,30.030172413793103,53.78793103448276,19.60086206896552,2.5258620689655173,0.0,18.235344827586207,1.3344827586206895,1.320689655172414,0.0387931034482758,0.0991379310344827,0.0008620689655172,0.0043103448275862,0.0,53.79913793103448,38.675
182.0,18.594805194805197,26.61558441558441,48.36363636363637,32.968831168831166,28.537662337662336,53.28831168831169,19.036363636363635,3.018181818181818,0.0,16.864935064935064,3.690909090909091,4.490909090909091,0.0831168831168831,0.2909090909090909,0.0025974025974025,0.0051948051948051,0.0,59.58961038961039,23.78181818181818
183.0,12.0,23.150568181818183,27.928977272727277,21.482954545454547,6.056818181818182,5.940340909090909,3.78125,1.0028409090909092,0.0,2.184659090909091,2.1193181818181817,1.3011363636363635,0.0255681818181818,0.1505681818181818,0.0,0.0142045454545454,0.0,14.806818181818182,6.525568181818182
184.0,23.318003913894326,32.351272015655574,26.674168297455967,39.09099804305284,17.649706457925635,7.681017612524462,3.8816046966731896,0.363013698630137,0.0,2.162426614481409,1.716242661448141,0.0,0.0264187866927592,0.461839530332681,0.0009784735812133,0.0195694716242661,0.0,0.0,9.082191780821915
185.0,7.050938337801608,16.4343163538874,24.635388739946382,89.71045576407506,10.715817694369973,2.415549597855228,2.3378016085790883,0.0,0.0,1.554959785522788,1.8498659517426272,0.9115281501340484,0.0214477211796246,0.032171581769437,0.002680965147453,0.0,0.0,23.3029490616622,9.750670241286864
186.0,18.85635359116022,22.96685082872928,34.01657458563536,5.574585635359116,15.30939226519337,24.011049723756905,14.834254143646408,0.0,0.0,9.94475138121547,7.861878453038674,2.386740331491713,0.011049723756906,0.0607734806629834,0.0,0.005524861878453,0.0,12.795580110497236,5.558011049723757
187.0,18.223776223776223,23.325174825174827,21.115384615384617,7.412587412587412,8.272727272727273,8.006993006993007,2.77972027972028,0.0524475524475524,0.0699300699300699,1.881118881118881,0.8881118881118881,0.6153846153846154,0.0104895104895104,0.0594405594405594,0.0,0.0,0.0,12.475524475524477,7.013986013986014
188.0,5.590082644628099,14.00495867768595,11.804958677685953,5.80495867768595,8.021487603305784,5.634710743801653,4.571900826446281,0.6545454545454545,0.0,3.6975206611570246,0.8743801652892562,0.856198347107438,0.0132231404958677,0.2231404958677686,0.0049586776859504,0.0,0.0,14.983471074380166,8.636363636363637
189.0,7.714285714285714,8.064039408866995,11.300492610837438,0.3399014778325123,4.960591133004926,3.270935960591133,1.458128078817734,0.8719211822660099,0.0,1.0049261083743843,0.9408866995073892,0.6847290640394089,0.0295566502463054,0.0147783251231527,0.0,0.0,0.0,12.689655172413794,4.847290640394089
19.0,16.037333333333333,22.63733333333333,34.768,18.696,14.032,14.368,9.893333333333333,0.0,0.0,4.448,6.272,1.0773333333333333,0.048,0.0693333333333333,0.0,0.0,0.0,19.208,8.872
190.0,6.645833333333333,22.23263888888889,16.87152777777778,4.871527777777778,13.79861111111111,8.260416666666666,4.256944444444445,0.9791666666666666,0.0,1.5243055555555556,2.7291666666666665,0.0,0.625,0.1493055555555555,0.0,0.0,0.0,0.0,15.461805555555555
191.0,9.614973262032086,18.005347593582886,14.288770053475936,4.25668449197861,11.288770053475936,32.44919786096256,12.754010695187166,1.0641711229946524,0.0,9.229946524064172,4.368983957219252,0.0,0.0588235294117647,0.2406417112299465,0.0,0.0374331550802139,0.0,0.0,11.229946524064172
192.0,3.524822695035461,10.9645390070922,17.333333333333332,5.531914893617022,8.439716312056738,11.879432624113475,5.460992907801418,0.6950354609929078,0.0,4.3120567375886525,1.546099290780142,2.5602836879432624,0.1489361702127659,0.2624113475177305,0.0,0.0,0.0,26.08510638297872,10.120567375886525
193.0,7.008,12.256,15.776,0.648,6.232,10.752,3.104,0.968,0.0,2.2,2.344,1.36,0.008,0.168,0.0,0.0,0.0,14.272,5.872
194.0,6.618867924528302,11.162264150943397,16.49811320754717,5.656603773584906,5.513207547169811,5.313207547169811,2.128301886792453,0.720754716981132,0.5245283018867924,1.6113207547169812,0.9509433962264152,0.9283018867924528,0.0339622641509433,0.0528301886792452,0.0075471698113207,0.0037735849056603,0.0,15.656603773584903,6.90566037735849
195.0,7.83399209486166,16.766798418972332,27.82608695652174,6.41106719367589,13.276679841897232,14.071146245059287,5.169960474308301,0.9486166007905138,0.0,4.434782608695652,1.3636363636363635,1.434782608695652,0.0553359683794466,0.0869565217391304,0.0,0.0,0.0,58.48221343873518,23.545454545454547
196.0,2.658119658119658,5.435897435897436,10.068376068376068,2.128205128205128,4.982905982905983,0.0,0.0,0.0,0.0,0.0,0.0,0.5726495726495726,0.0085470085470085,0.0,0.0085470085470085,0.0,0.0,9.341880341880342,4.034188034188034
197.0,6.629370629370629,14.68997668997669,19.825174825174827,2.724941724941725,6.372960372960373,7.459207459207459,2.254079254079254,0.5594405594405595,0.0,2.4475524475524475,1.1748251748251748,0.9090909090909092,0.0163170163170163,0.0652680652680652,0.0,0.0,0.0,14.51981351981352,6.191142191142191
198.0,12.052770448548811,25.065963060686016,39.93931398416886,8.200527704485488,19.29551451187335,11.767810026385224,7.970976253298153,0.6860158311345647,0.3852242744063324,6.137203166226913,2.5065963060686016,1.1398416886543536,0.0316622691292876,0.0897097625329815,0.0,0.0026385224274406,0.0,21.854881266490764,9.696569920844327
199.0,4.154929577464789,4.982394366197183,9.028169014084508,3.4859154929577465,4.640845070422535,4.475352112676056,3.1443661971830985,0.397887323943662,0.0,1.267605633802817,2.869718309859155,0.2605633802816901,0.0035211267605633,0.0105633802816901,0.0,0.0,0.0,12.137323943661972,5.345070422535211
2.0,23.5180412371134,34.2680412371134,29.90721649484536,24.96520618556701,18.554123711340207,22.864690721649485,13.983247422680412,1.413659793814433,0.0,9.742268041237113,4.063144329896907,0.8170103092783505,0.1404639175257732,0.3466494845360824,0.0,0.0051546391752577,0.0,16.586340206185568,11.927835051546392
20.0,10.493723849372383,12.518828451882843,19.790794979079497,10.523012552301257,7.698744769874477,9.790794979079498,3.610878661087866,1.1380753138075317,0.0,2.502092050209205,2.6443514644351462,0.9790794979079498,0.0376569037656903,0.104602510460251,0.0,0.00418410041841,0.0,20.707112970711297,9.430962343096237
200.0,8.762666666666666,16.978666666666665,29.11466666666667,9.656,14.234666666666667,4.677333333333333,2.6613333333333333,0.6,0.0,2.5813333333333333,0.616,2.4026666666666667,0.0346666666666666,0.3173333333333333,0.0053333333333333,0.0053333333333333,0.0026666666666666,34.25333333333333,14.610666666666669
201.0,4.786069651741293,7.442786069651741,5.9502487562189055,3.830845771144279,3.930348258706468,0.0,0.0,0.0,0.0,0.0,0.0,1.2537313432835822,0.0398009950248756,0.0149253731343283,0.0,0.0,0.0,14.08955223880597,5.144278606965174
202.0,10.534117647058824,9.96,13.828235294117649,1.1058823529411763,5.802352941176471,1.3552941176470588,0.4870588235294117,0.0,0.0,0.6376470588235295,0.1529411764705882,1.795294117647059,0.0329411764705882,0.0541176470588235,0.0,0.0,0.0,13.364705882352942,6.127058823529412
203.0,14.245398773006135,21.87730061349693,31.846625766871167,30.17484662576687,12.803680981595091,17.512269938650306,9.33435582822086,2.2177914110429446,0.0,7.521472392638037,2.4877300613496933,1.4631901840490795,0.0613496932515337,0.2331288343558282,0.0,0.0122699386503067,0.0,21.85276073619632,8.806748466257668
204.0,14.025531914893618,35.18723404255319,30.917021276595744,96.71702127659574,18.680851063829788,2.9829787234042557,1.8808510638297875,0.3297872340425531,0.0,1.548936170212766,0.3234042553191489,0.0,0.0723404255319148,0.6297872340425532,0.0,0.0106382978723404,0.0,0.0,18.57659574468085
205.0,11.57092819614711,24.267950963222415,39.87565674255692,12.618213660245184,18.61471103327496,12.281961471103328,8.842381786339756,0.5516637478108581,0.4938704028021016,6.595446584938704,2.714535901926445,1.7057793345008756,0.0455341506129597,0.1138353765323993,0.0122591943957968,0.0,0.0,27.65323992994746,11.06830122591944
206.0,11.574774774774776,19.98198198198198,16.652252252252254,9.423423423423424,12.74054054054054,11.5009009009009,3.8666666666666663,0.0,0.0,2.443243243243243,1.418018018018018,0.0,0.0288288288288288,0.1009009009009009,0.0,0.0018018018018018,0.0,0.0,12.95135135135135
207.0,3.878453038674033,8.265193370165745,12.519337016574584,11.41988950276243,4.87292817679558,3.138121546961326,1.6574585635359116,0.8674033149171271,0.0,2.0773480662983426,0.43646408839779,0.4033149171270718,0.0331491712707182,0.0165745856353591,0.0,0.0,0.0,11.30939226519337,4.950276243093922
208.0,12.836633663366335,32.915841584158414,26.39108910891089,9.096534653465346,15.821782178217822,139.06435643564356,23.254950495049503,0.6113861386138614,0.0123762376237623,6.032178217821782,16.896039603960396,0.0,0.0742574257425742,0.1881188118811881,0.0123762376237623,0.0123762376237623,0.0,0.0,12.913366336633665
209.0,7.5889145496535795,10.76905311778291,9.078521939953813,32.468822170900694,5.371824480369515,302.4826789838337,0.4919168591224018,0.0,0.0,0.2886836027713625,0.3533487297921478,0.3163972286374134,0.0046189376443418,0.0092378752886836,0.0,0.0,0.0,11.505773672055428,5.644341801385681
21.0,12.363703703703704,54.09407407407407,98.16222222222224,175.22962962962964,59.0925925925926,5.906666666666666,5.074814814814815,0.9562962962962964,0.0,4.191851851851852,1.2481481481481482,0.7651851851851852,0.0103703703703703,0.0296296296296296,0.0,0.0022222222222222,0.0,123.89407407407408,52.982962962962965
210.0,12.234536082474229,15.760309278350515,13.528350515463918,10.041237113402062,6.938144329896907,2.5850515463917527,1.291237113402062,0.461340206185567,0.0,0.4768041237113402,0.8092783505154639,0.5670103092783505,0.0386597938144329,0.0618556701030927,0.0,0.0,0.0,11.260309278350515,7.551546391752577
211.0,10.23598820058997,15.985250737463128,21.68141592920354,1.0147492625368733,7.513274336283186,14.451327433628318,5.135693215339233,3.991150442477876,0.0,5.218289085545723,2.510324483775811,1.0943952802359882,0.0265486725663716,0.0973451327433628,0.0088495575221238,0.0029498525073746,0.0,15.106194690265486,6.533923303834809
212.0,10.188235294117646,19.82941176470588,26.88823529411765,2.623529411764706,9.229411764705882,13.829411764705885,6.470588235294118,5.676470588235294,0.0,5.682352941176471,3.376470588235294,1.611764705882353,0.1941176470588235,0.0529411764705882,0.0058823529411764,0.0,0.0,17.63529411764706,7.982352941176471
213.0,15.138420585625555,66.4374445430346,108.43389529724934,264.8065661047028,68.77107364685004,9.78793256433008,6.955634427684117,1.673469387755102,0.0,5.187222715173026,2.188997338065661,1.870452528837622,0.0292812777284826,0.1339840283939662,0.0,0.0070984915705412,0.0,145.02307009760426,58.557231588287486
214.0,18.031111111111112,39.26222222222222,50.23111111111111,15.706666666666669,15.351111111111113,4.191111111111111,3.2711111111111117,0.0,0.0,2.102222222222222,2.36,1.288888888888889,0.0488888888888888,0.0444444444444444,0.0,0.0,0.0,34.06666666666667,13.893333333333333
215.0,9.603678929765886,12.645484949832776,9.421404682274249,20.377926421404684,8.981605351170568,0.0,0.0,0.0,0.0,0.0,0.0,0.0,0.0183946488294314,0.0284280936454849,0.0,0.0016722408026755,0.0,0.0,9.558528428093643
216.0,10.607142857142858,12.14795918367347,16.979591836734695,36.09183673469388,6.377551020408164,17.612244897959183,7.1020408163265305,5.591836734693878,0.0,8.561224489795919,2.576530612244898,0.8214285714285714,0.0459183673469387,0.1938775510204081,0.0051020408163265,0.0,0.0,16.301020408163264,7.591836734693878
217.0,19.238170347003155,34.102523659305994,30.722397476340696,39.5,14.413249211356469,6.875394321766562,2.675078864353312,0.9858044164037856,0.0,1.667192429022082,1.0078864353312302,0.0,0.0362776025236593,0.1482649842271293,0.0031545741324921,0.0031545741324921,0.0,0.0,13.794952681388011
218.0,2.347826086956522,5.583850931677019,9.53416149068323,30.565217391304348,4.583850931677019,2.186335403726708,0.8136645962732919,0.4968944099378882,0.0,0.7515527950310559,0.6894409937888198,0.546583850931677,0.0062111801242236,0.0434782608695652,0.0,0.0,0.0,9.919254658385093,4.086956521739131
219.0,15.332317073170731,32.27134146341464,27.146341463414632,25.210365853658537,24.932926829268293,21.38719512195122,9.58841463414634,1.0335365853658536,0.0,8.128048780487806,1.4268292682926829,0.9908536585365854,0.0396341463414634,0.1432926829268292,0.0,0.0030487804878048,0.0,20.35975609756097,17.795731707317074
22.0,2.5246913580246915,4.228395061728395,8.191358024691358,1.9876543209876545,4.154320987654321,5.438271604938271,2.098765432098765,0.4629629629629629,0.0,1.2962962962962965,1.845679012345679,0.3518518518518518,0.0123456790123456,0.0,0.0,0.0,0.0,11.691358024691358,4.604938271604938
220.0,12.853727144866385,19.652601969057667,29.77496483825598,86.33895921237693,13.50632911392405,27.15752461322081,9.378340365682138,0.0,0.0,4.347398030942335,6.10407876230661,2.707454289732771,0.060478199718706,0.180028129395218,0.0014064697609001,0.0056258790436005,0.0014064697609001,24.835443037974684,11.29817158931083
221.0,7.958083832335329,15.377245508982035,18.664670658682635,3.005988023952096,5.616766467065868,0.3053892215568862,0.1317365269461078,0.0,0.0,0.0419161676646706,0.0958083832335329,3.4491017964071857,0.0119760479041916,0.0718562874251497,0.0,0.0,0.0,20.437125748502996,9.70059880239521
222.0,7.846301633045149,15.999039385206531,13.60422670509126,20.8866474543708,7.783861671469741,1.9558117195004805,2.5014409221902016,0.1412103746397694,0.0,0.8866474543707973,1.611911623439001,0.5417867435158501,0.0240153698366954,0.0326609029779058,0.0,0.0,0.0,12.737752161383286,7.402497598463016
223.0,3.845454545454545,8.345454545454546,12.913636363636364,6.590909090909091,5.604545454545455,5.5227272727272725,2.172727272727273,1.0045454545454546,0.0,2.368181818181818,1.0363636363636364,0.6363636363636364,0.0136363636363636,0.0136363636363636,0.0,0.0,0.0,15.168181818181818,7.004545454545455
224.0,6.646808510638298,10.306382978723404,16.75744680851064,2.276595744680851,7.634042553191489,72.12340425531914,1.3617021276595744,0.3744680851063829,0.0,0.5574468085106383,1.3361702127659574,1.2723404255319148,0.076595744680851,0.0936170212765957,0.0,0.0,0.0,23.07659574468085,8.923404255319149
225.0,8.068783068783068,8.703703703703704,11.671957671957673,0.5687830687830688,4.41005291005291,2.494708994708995,0.5767195767195767,0.5793650793650794,0.0,0.3862433862433862,0.3544973544973545,0.7248677248677249,0.0291005291005291,0.0185185185185185,0.0026455026455026,0.0,0.0,10.57936507936508,4.074074074074074
226.0,6.924901185770751,15.41501976284585,20.776679841897234,33.78260869565217,8.306324110671937,0.0,0.0,0.0,0.0,0.0,0.0,1.567193675889328,0.025691699604743,0.1185770750988142,0.0019762845849802,0.0,0.0,16.0,6.547430830039525
227.0,5.470967741935484,8.806451612903226,12.296774193548387,1.735483870967742,5.890322580645162,13.787096774193548,4.012903225806451,0.0580645161290322,0.0,3.529032258064516,2.161290322580645,1.303225806451613,0.0709677419354838,0.1741935483870967,0.0064516129032258,0.0064516129032258,0.0,15.361290322580643,6.219354838709678
228.0,18.2265625,34.73046875,30.90234375,24.30078125,11.66015625,24.5390625,8.82421875,0.3671875,0.0,5.75390625,3.0625,0.0,0.08984375,0.51171875,0.0,0.046875,0.0,0.0,12.8359375
229.0,9.92948717948718,16.166666666666668,24.84294871794872,14.935897435897436,13.467948717948715,10.64102564102564,3.2211538461538463,2.5128205128205128,0.0,1.1826923076923077,4.0,1.0480769230769231,0.0224358974358974,0.0705128205128205,0.0,0.0,0.0,21.07692307692308,8.849358974358974
23.0,6.36919315403423,12.819070904645477,11.039119804400976,35.33740831295844,5.06356968215159,12.841075794621029,6.76039119804401,0.0,0.0,5.078239608801956,1.6943765281173595,0.5721271393643031,0.0122249388753056,0.0146699266503667,0.0,0.0024449877750611,0.0,9.948655256723717,5.540342298288508
230.0,8.020460358056265,15.117647058823527,21.30179028132992,3.194373401534526,9.74168797953964,9.20460358056266,2.629156010230179,0.0,0.0,1.938618925831202,0.8670076726342711,1.854219948849105,0.0281329923273657,0.0767263427109974,0.0,0.0076726342710997,0.0,20.9769820971867,9.225063938618923
231.0,4.247011952191235,9.541832669322709,15.215139442231076,2.298804780876494,8.087649402390438,2.0199203187251,4.079681274900398,0.0,0.0,0.701195219123506,4.382470119521912,0.450199203187251,0.0159362549800796,0.0876494023904382,0.0,0.0,0.0,7.49800796812749,3.414342629482072
232.0,14.789600967351875,46.61668681983071,73.31922611850061,196.61305925030229,36.05199516324063,26.11850060459492,8.076178960096735,2.9854897218863363,0.0,6.330108827085852,2.3264812575574365,5.726723095525998,0.1584038694074969,1.143893591293833,0.0145102781136638,0.0423216444981862,0.0,108.47158403869408,42.45949214026602
233.0,7.863387978142076,13.120218579234972,18.907103825136613,30.0,8.404371584699453,0.0054644808743169,0.0054644808743169,0.0,0.0,0.0054644808743169,0.0,1.92896174863388,0.0655737704918032,0.1693989071038251,0.0054644808743169,0.0,0.0,19.76502732240437,7.961748633879782
234.0,6.281183932346723,14.19661733615222,19.898520084566595,7.896405919661734,8.004228329809726,9.45031712473573,4.475687103594081,1.7463002114164905,0.0,5.99154334038055,1.1797040169133193,1.1141649048625792,0.0169133192389006,0.2093023255813953,0.0,0.0,0.0,24.725158562367863,9.953488372093023
235.0,11.891608391608392,17.95104895104895,15.125874125874128,21.293706293706293,9.160839160839162,1.9055944055944056,0.6993006993006993,0.1468531468531468,0.0,0.3321678321678322,0.3636363636363636,0.0,0.0349650349650349,0.0664335664335664,0.0034965034965034,0.0034965034965034,0.0,0.0,8.346153846153847
236.0,3.3578595317725752,9.96989966555184,8.618729096989966,11.347826086956522,4.702341137123746,7.705685618729097,3.040133779264214,0.7892976588628763,0.0,2.1672240802675584,1.3979933110367893,1.3478260869565215,0.197324414715719,0.2809364548494983,0.0033444816053511,0.0066889632107023,0.0,16.207357859531772,6.053511705685619
237.0,20.86206896551724,33.310344827586206,42.235632183908045,4.488505747126437,9.557471264367816,5.298850574712644,1.5,0.5747126436781609,0.0,0.9367816091954024,0.8275862068965517,0.4540229885057471,0.0057471264367816,0.0114942528735632,0.0,0.0,0.0,22.149425287356323,9.281609195402298
238.0,2.0154440154440154,4.111969111969112,9.247104247104248,4.637065637065637,5.073359073359073,5.67953667953668,3.501930501930502,0.2857142857142857,0.5135135135135135,2.629343629343629,1.166023166023166,0.8918918918918919,0.0424710424710424,0.0501930501930501,0.0,0.0,0.0,10.4015444015444,4.2664092664092665
239.0,3.6353135313531353,4.861386138613861,5.590759075907591,1.9752475247524752,2.7706270627062706,3.207920792079208,1.7491749174917492,0.0,0.0,1.5643564356435644,0.99009900990099,0.9174917491749176,0.0082508250825082,0.0297029702970297,0.0,0.0,0.0,7.96039603960396,3.174917491749175
24.0,13.302013422818792,20.37583892617449,27.59731543624161,3.778523489932886,9.395973154362416,8.463087248322148,4.228187919463087,0.4295302013422818,0.0,4.033557046979865,1.523489932885906,2.0268456375838926,0.046979865771812,0.2416107382550335,0.0,0.0,0.0,19.409395973154364,8.21476510067114
240.0,8.68918918918919,16.22972972972973,13.756756756756756,4.585585585585585,7.0225225225225225,1.3783783783783785,0.4639639639639639,0.0855855855855855,0.0,0.1036036036036036,0.3603603603603603,0.4324324324324324,0.009009009009009,0.0405405405405405,0.0,0.0,0.0,7.617117117117117,4.608108108108108
241.0,6.090361445783133,8.228915662650602,11.698795180722891,15.301204819277109,4.283132530120482,1.5421686746987953,0.5662650602409639,0.253012048192771,0.0,0.3192771084337349,0.3734939759036144,0.3253012048192771,0.0060240963855421,0.0,0.0,0.0,0.0,9.80722891566265,4.457831325301205
242.0,16.878415300546447,28.959016393442624,24.6448087431694,45.84699453551912,13.021857923497269,0.9986338797814208,0.0259562841530054,0.0,0.0,0.0259562841530054,0.0,0.0,0.0587431693989071,0.3306010928961748,0.01775956284153,0.0204918032786885,0.0,0.0,11.531420765027322
243.0,9.09274193548387,10.548387096774194,18.608870967741936,3.036290322580645,11.112903225806452,20.387096774193548,6.17741935483871,2.7338709677419355,1.8911290322580645,5.221774193548387,2.693548387096774,0.5564516129032258,0.0040322580645161,0.0120967741935483,0.0,0.0,0.0,20.68548387096774,9.125
244.0,2.2261904761904763,6.598214285714286,5.127976190476191,25.389880952380956,9.258928571428571,0.0,0.0,0.0,0.0,0.0,0.0,0.0,0.0178571428571428,0.0148809523809523,0.0059523809523809,0.0,0.0,0.0,6.517857142857143
245.0,6.912790697674419,10.319767441860463,21.54069767441861,4.517441860465116,11.505813953488373,10.133720930232558,3.005813953488372,1.063953488372093,0.0,2.494186046511628,0.9244186046511628,0.3837209302325581,0.0,0.0,0.0,0.0,0.0,47.68023255813954,14.395348837209305
246.0,13.607094133697135,24.17598908594816,29.73806275579809,19.58799454297408,8.16643929058663,6.897680763983629,5.697135061391542,0.0,0.0,2.26193724420191,4.3478854024556615,1.6984993178717598,0.0272851296043656,0.1950886766712141,0.0081855388813096,0.0068212824010914,0.0,18.83356070941337,8.862210095497954
25.0,19.41042345276873,40.4071661237785,34.9185667752443,37.9771986970684,19.32899022801303,7.925081433224756,5.732899022801303,1.1042345276872965,0.0423452768729641,2.348534201954397,3.3811074918566777,0.0,0.1107491856677524,0.1335504885993485,0.013029315960912,0.003257328990228,0.0,0.0,16.560260586319217
26.0,7.911864406779661,14.061016949152542,20.26101694915254,8.68135593220339,8.966101694915254,2.16271186440678,0.9932203389830508,0.0,0.0,0.7220338983050848,1.111864406779661,0.5559322033898305,0.0,0.0644067796610169,0.0,0.0,0.0,16.271186440677965,6.861016949152543
27.0,3.161073825503356,7.046979865771812,11.691275167785236,1.2885906040268456,6.711409395973154,8.093959731543624,5.973154362416107,0.0,0.0,2.2751677852348995,6.087248322147651,0.610738255033557,0.0067114093959731,0.0201342281879194,0.0,0.0,0.0,12.40268456375839,5.577181208053691
28.0,27.957434052757797,47.110911270983216,77.0341726618705,86.5863309352518,40.65587529976019,41.78537170263789,32.48201438848921,2.7032374100719423,0.0,26.298561151079134,9.012589928057556,2.407074340527578,0.0473621103117505,0.657074340527578,0.0059952038369304,0.0125899280575539,0.0,93.50419664268586,41.3099520383693
29.0,14.817813765182189,28.060728744939272,36.81781376518219,70.44534412955466,12.303643724696355,9.214574898785424,3.724696356275304,1.8016194331983808,0.0,3.0242914979757085,2.2348178137651824,1.02834008097166,0.0283400809716599,0.1214574898785425,0.0,0.0,0.0,36.17004048582996,15.210526315789474
3.0,33.85247148288973,64.83726235741445,60.44790874524715,32.909505703422056,17.53916349809886,15.622053231939164,11.15893536121673,2.0486692015209127,0.0,7.034980988593156,4.122433460076046,2.584790874524715,0.0463878326996197,0.9019011406844106,0.006083650190114,0.0098859315589353,0.0,35.609885931558935,15.422813688212928
30.0,19.24721377912867,25.35663627152989,20.408308004052685,57.96048632218845,13.789260385005068,3.146909827760892,0.8652482269503546,0.5015197568389058,0.0,0.4164133738601823,0.4498480243161094,0.0,0.0162107396149949,0.0476190476190476,0.0020263424518743,0.0010131712259371,0.0,0.0,14.015197568389056
31.0,16.96551724137931,35.2198275862069,27.161637931034484,16.77801724137931,28.00862068965517,9.448275862068966,10.295258620689657,0.0,0.0,6.620689655172414,3.7392241379310343,0.0,0.0797413793103448,0.2241379310344827,0.0021551724137931,0.0086206896551724,0.0,0.0,14.773706896551724
32.0,8.37890625,26.5546875,45.3046875,37.765625,22.33984375,2.1171875,1.48046875,0.375,0.0,1.01171875,0.53125,0.98046875,0.078125,0.19140625,0.0,0.01171875,0.0,52.3046875,24.6015625
33.0,4.205645161290323,11.22983870967742,15.891129032258064,1.653225806451613,5.834677419354839,4.334677419354839,1.75,0.8870967741935484,0.1854838709677419,0.7459677419354839,1.1451612903225807,2.4596774193548385,0.0725806451612903,0.3508064516129032,0.0161290322580645,0.0161290322580645,0.0,9.685483870967742,4.467741935483871
34.0,12.4985835694051,17.322946175637394,14.286118980169972,5.1671388101983,9.478753541076488,0.0,0.0,0.0,0.0,0.0,0.0,0.8725212464589235,0.0311614730878186,0.0566572237960339,0.0,0.0028328611898017,0.0,11.274787535410765,7.915014164305949
35.0,11.603305785123966,38.95867768595041,62.59504132231405,226.98347107438016,30.98347107438017,63.43801652892562,20.818181818181817,2.347107438016529,0.0,18.66115702479339,4.12396694214876,3.231404958677686,0.1322314049586777,1.0495867768595042,0.0,0.0082644628099173,0.0,101.66115702479338,43.21487603305785
36.0,10.729166666666666,14.145833333333334,22.92708333333333,12.614583333333334,11.197916666666666,10.3125,2.3854166666666665,0.59375,0.6770833333333334,0.8958333333333334,0.90625,0.4166666666666667,0.0104166666666666,0.0208333333333333,0.0,0.0,0.0,13.875,6.489583333333333
37.0,10.121693121693122,17.703703703703702,13.164021164021165,8.55026455026455,12.476190476190476,20.693121693121693,9.428571428571429,1.7513227513227514,0.0,7.095238095238095,3.074074074074074,4.211640211640212,0.0687830687830687,0.8253968253968254,0.0052910052910052,0.0105820105820105,0.0,32.74074074074074,11.804232804232804
38.0,6.316279069767442,8.186046511627907,11.855813953488372,0.9209302325581395,5.2046511627906975,1.916279069767442,0.4837209302325581,0.6837209302325581,0.0,0.3162790697674418,0.4372093023255814,0.413953488372093,0.0,0.0,0.0,0.0,0.0,9.73953488372093,3.953488372093023
39.0,7.139269406392694,10.465753424657532,15.901826484018263,2.1095890410958904,7.751141552511416,19.51141552511416,12.278538812785389,0.0,0.0,7.954337899543379,5.828767123287672,1.0296803652968036,0.002283105022831,0.0136986301369863,0.0,0.0,0.0,15.810502283105023,7.344748858447488
4.0,4.01328903654485,9.322259136212624,14.222591362126243,3.73421926910299,7.448504983388704,3.345514950166113,2.700996677740864,0.0,0.0,1.388704318936877,2.0,0.53156146179402,0.0033222591362126,0.0033222591362126,0.0,0.0,0.0,15.920265780730896,6.857142857142857
40.0,20.93885230479774,47.00752587017874,39.80526810912512,221.4647224835372,28.052681091251177,16.85324553151458,9.262464722483536,1.715898400752587,0.0,8.48071495766698,0.7525870178739417,2.042333019755409,0.0489181561618062,0.3377234242709313,0.0018814675446848,0.0244590780809031,0.0,60.41956726246472,44.99247412982126
41.0,3.903474903474904,8.032818532818533,6.361003861003861,8.722007722007723,5.22972972972973,4.158301158301159,0.0,0.0,0.0,0.0,0.0212355212355212,0.2625482625482625,0.0038610038610038,0.0849420849420849,0.0,0.0,0.0,8.144787644787645,3.525096525096525
42.0,10.695767195767196,19.60758377425044,17.455026455026456,30.20458553791887,7.448853615520282,2.878306878306878,1.617283950617284,0.6957671957671958,0.1128747795414462,0.4885361552028218,1.125220458553792,0.6375661375661376,0.0282186948853615,0.2125220458553791,0.0026455026455026,0.0026455026455026,0.0,12.250440917107584,7.401234567901234
43.0,23.09071729957806,29.68354430379747,38.51476793248945,29.31012658227848,11.20253164556962,4.877637130801688,3.154008438818565,1.29957805907173,0.0,1.9282700421940928,1.90084388185654,1.6371308016877637,0.0548523206751054,0.3164556962025316,0.0,0.0126582278481012,0.0,24.93037974683544,11.232067510548523
44.0,12.2264631043257,18.264631043257,27.06870229007633,41.54198473282442,13.12468193384224,2.608142493638677,1.9440203562340967,0.0,0.0,0.8905852417302799,1.826972010178117,3.198473282442748,0.0839694656488549,0.3893129770992366,0.015267175572519,0.0076335877862595,0.0,36.36641221374046,16.39440203562341
45.0,10.317006802721089,17.951020408163266,15.798639455782313,15.16190476190476,6.614965986394558,0.0353741496598639,0.0,0.0,0.0,0.0,0.0,0.8680272108843538,0.0272108843537414,0.1115646258503401,0.0027210884353741,0.0,0.0,12.2421768707483,6.08843537414966
46.0,10.123529411764704,19.65882352941177,28.429411764705883,57.92941176470588,10.076470588235294,27.341176470588238,7.447058823529412,2.3941176470588235,0.0,7.123529411764705,3.523529411764706,2.0058823529411764,0.0058823529411764,0.1058823529411764,0.0,0.0,0.0,15.16470588235294,5.735294117647059
47.0,8.361344537815127,15.285714285714286,19.50420168067227,2.6134453781512605,5.773109243697479,2.5798319327731094,1.4285714285714286,0.9495798319327732,0.8403361344537815,0.4117647058823529,1.4789915966386555,0.6974789915966386,0.0504201680672268,0.0756302521008403,0.0,0.0,0.0,13.453781512605042,6.428571428571429
48.0,8.303030303030303,11.257575757575758,15.1010101010101,0.4444444444444444,5.181818181818182,2.282828282828283,0.98989898989899,0.7777777777777778,0.0,0.7373737373737373,0.5252525252525253,0.2828282828282828,0.0101010101010101,0.0101010101010101,0.0,0.0,0.0,10.535353535353536,4.52020202020202
49.0,13.068093385214008,26.43385214007782,23.48443579766537,8.879377431906615,11.568093385214008,4.727626459143969,3.099221789883269,0.7665369649805448,0.0,1.3988326848249026,1.7217898832684826,0.0,0.0194552529182879,0.0350194552529182,0.0,0.0,0.0,0.0,11.350194552529183
5.0,3.0972222222222223,9.644444444444444,8.23611111111111,144.05833333333334,6.313888888888889,10.919444444444444,3.686111111111111,0.3722222222222222,0.0055555555555555,2.5694444444444446,1.4027777777777777,0.7027777777777777,0.0527777777777777,0.0722222222222222,0.0,0.0083333333333333,0.0,15.997222222222222,6.030555555555556
50.0,15.646884272997031,25.200296735905045,32.02818991097923,57.85608308605341,11.037091988130564,23.95994065281899,12.351632047477745,0.0,0.0,7.185459940652819,8.470326409495549,1.2462908011869436,0.0281899109792284,0.0830860534124629,0.0,0.0014836795252225,0.0,27.137982195845694,10.359050445103858
51.0,13.28,18.52888888888889,14.224444444444444,13.073333333333334,11.335555555555556,32.82,7.502222222222223,0.2377777777777777,0.0,2.035555555555556,5.442222222222222,0.5333333333333333,0.0311111111111111,0.0288888888888888,0.0,0.0,0.0,12.63111111111111,9.297777777777778
52.0,2.893617021276596,10.038297872340426,18.32765957446809,55.47659574468085,10.893617021276595,0.0,0.0,0.0,0.0,0.0,0.0,1.2468085106382978,0.0723404255319148,0.1531914893617021,0.0,0.0,0.0,11.14468085106383,5.080851063829787
53.0,7.010548523206751,15.046413502109704,12.217299578059071,23.835443037974684,8.983122362869198,8.773206751054852,5.278481012658228,0.8860759493670886,0.0,3.449367088607595,2.073839662447257,0.9514767932489452,0.0147679324894514,0.060126582278481,0.0021097046413502,0.0031645569620253,0.0,21.88607594936709,7.770042194092827
54.0,2.806282722513089,9.230366492146596,6.43455497382199,0.9685863874345548,4.869109947643979,2.9162303664921465,1.2827225130890052,0.1099476439790576,0.0,0.581151832460733,0.7015706806282722,0.0,0.1884816753926701,0.0890052356020942,0.0052356020942408,0.0,0.0,0.0,7.424083769633508
55.0,8.763975155279503,12.79503105590062,21.080745341614907,1.2298136645962734,10.273291925465838,4.391304347826087,0.4347826086956521,0.15527950310559,0.0,0.2981366459627329,0.1055900621118012,1.409937888198758,0.0248447204968944,0.062111801242236,0.0,0.0,0.0,9.53416149068323,4.267080745341615
56.0,8.174545454545454,14.174545454545454,19.883636363636363,6.450909090909091,6.872727272727273,6.316363636363636,2.4145454545454546,0.4618181818181818,0.0,2.2763636363636364,1.4727272727272729,0.7854545454545454,0.0,0.0,0.0,0.0,0.0,16.883636363636363,6.810909090909091
57.0,15.84070796460177,29.163716814159294,38.60176991150443,10.5929203539823,11.11504424778761,19.336283185840703,8.513274336283185,5.610619469026549,0.0,7.230088495575221,4.212389380530974,3.800884955752213,0.0929203539823008,1.5132743362831858,0.0044247787610619,0.0176991150442477,0.0,27.141592920353983,10.575221238938052
58.0,14.78468899521531,24.47846889952153,20.827751196172247,2.8803827751196174,9.349282296650715,12.727272727272728,6.138755980861244,0.4066985645933014,0.0,4.1291866028708135,2.0,0.2057416267942583,0.0143540669856459,0.0574162679425837,0.0,0.0,0.0,8.645933014354068,6.311004784688995
59.0,4.315789473684211,9.285087719298245,7.824561403508772,25.285087719298247,5.1798245614035086,0.4078947368421052,0.3859649122807017,0.0,0.0,0.1973684210526315,0.1885964912280701,0.4956140350877193,0.0219298245614035,0.0526315789473684,0.0043859649122807,0.0,0.0,12.359649122807015,5.223684210526316
6.0,7.044554455445544,11.064356435643564,15.069306930693068,2.93069306930693,5.2227722772277225,5.118811881188119,2.514851485148515,1.465346534653465,0.0,2.6732673267326734,0.7623762376237624,0.3168316831683168,0.0049504950495049,0.0346534653465346,0.0,0.0,0.0,11.509900990099007,4.757425742574258
60.0,11.842010771992818,21.18850987432675,18.357271095152605,7.933572710951526,12.303411131059246,14.784560143626573,7.745062836624776,0.6193895870736086,0.0,4.655296229802514,3.0394973070017954,0.9156193895870736,0.0502692998204667,0.1005385996409335,0.0,0.0,0.0,17.175942549371634,11.206463195691205
61.0,5.860759493670886,13.532911392405063,20.949367088607595,19.454430379746835,10.312658227848102,2.939240506329114,2.526582278481013,0.0,0.0,1.89746835443038,1.6873417721518988,0.99873417721519,0.0088607594936708,0.0860759493670886,0.0,0.0,0.0,25.668354430379747,11.10126582278481
62.0,9.078947368421051,27.403508771929825,35.29385964912281,9.083333333333334,13.589912280701755,4.734649122807017,4.328947368421052,0.0,0.0,2.633771929824561,3.129385964912281,3.0592105263157894,0.0328947368421052,0.219298245614035,0.0,0.0,0.0,31.239035087719294,12.144736842105264
63.0,6.529411764705882,9.980392156862743,13.052287581699346,1.0849673202614378,5.490196078431373,5.019607843137255,0.9934640522875816,0.3856209150326797,0.0,1.0130718954248366,0.2352941176470588,1.5163398692810457,0.0392156862745098,0.0784313725490196,0.0,0.0065359477124183,0.0,16.50980392156863,7.862745098039215
64.0,13.638211382113822,22.146341463414632,18.902439024390244,8.08130081300813,10.28048780487805,10.5,9.402439024390244,0.7560975609756098,0.0,7.308943089430894,2.097560975609756,0.6951219512195121,0.0121951219512195,0.0853658536585365,0.0,0.0,0.0,15.426829268292684,8.126016260162602
65.0,6.8090909090909095,6.945454545454545,10.836363636363636,8.468181818181819,5.204545454545454,2.340909090909091,1.6590909090909092,0.0,0.0,1.490909090909091,0.9272727272727272,0.9545454545454546,0.0136363636363636,0.0227272727272727,0.0,0.0,0.0,9.854545454545455,4.4
66.0,8.742553191489362,16.661702127659574,13.374468085106384,17.561702127659576,11.668085106382978,16.08936170212766,1.2872340425531914,0.3446808510638298,0.0,0.4468085106382978,0.8446808510638298,0.0,0.0234042553191489,0.0234042553191489,0.0,0.0,0.0,0.0,12.142553191489364
67.0,15.666666666666666,25.922118380062305,33.58878504672897,25.56386292834891,12.330218068535826,11.85981308411215,5.105919003115265,1.2180685358255452,0.0,2.5171339563862927,3.713395638629284,1.5950155763239875,0.0186915887850467,0.0591900311526479,0.0,0.0,0.0,37.06542056074766,14.5202492211838
68.0,6.5,12.109756097560975,17.76341463414634,22.23170731707317,8.453658536585365,12.653658536585366,5.417073170731707,2.0195121951219512,0.0,6.019512195121951,1.473170731707317,0.651219512195122,0.0048780487804878,0.0146341463414634,0.0,0.0,0.0,19.246341463414637,8.102439024390243
69.0,9.2874251497006,17.610778443113773,13.77245508982036,9.263473053892216,16.778443113772454,12.1437125748503,6.125748502994012,0.6047904191616766,0.0,5.407185628742515,0.8263473053892215,1.1497005988023952,0.2754491017964072,0.2215568862275449,0.0,0.0,0.0,20.107784431137723,7.017964071856287
7.0,9.41444866920152,14.961977186311788,21.433460076045627,35.661596958174904,8.330798479087452,13.931558935361217,5.349809885931559,1.5779467680608366,0.0,4.885931558935361,1.8022813688212929,1.254752851711027,0.053231939163498,0.1901140684410646,0.0,0.0038022813688212,0.0,19.806083650190114,9.26615969581749
70.0,12.017676767676768,14.8989898989899,20.603535353535356,1.27020202020202,6.681818181818182,2.656565656565657,1.0909090909090908,0.4797979797979798,0.0,1.0,0.3585858585858585,0.7474747474747475,0.0227272727272727,0.0328282828282828,0.0025252525252525,0.0025252525252525,0.0,12.984848484848484,5.681818181818182
71.0,8.648888888888889,15.85777777777778,27.01333333333333,10.12,14.457777777777778,46.16888888888889,8.737777777777778,5.986666666666666,0.0222222222222222,10.04,2.506666666666667,1.106666666666667,0.0266666666666666,0.0266666666666666,0.0,0.0,0.0,34.67111111111111,14.63111111111111
72.0,13.98780487804878,28.59756097560976,24.3130081300813,11.691056910569106,11.853658536585366,7.601626016260162,3.3739837398373984,0.1544715447154471,0.0,1.9715447154471544,1.4024390243902438,0.0,0.0772357723577235,0.2235772357723577,0.0040650406504065,0.0040650406504065,0.0,0.0,12.272357723577237
73.0,2.886120996441281,4.217081850533808,3.373665480427046,1.217081850533808,3.782918149466192,3.807829181494662,2.1494661921708187,0.0,0.0,1.334519572953737,0.8149466192170819,0.1423487544483986,0.0391459074733096,0.0071174377224199,0.0,0.0,0.0,6.274021352313167,4.779359430604982
74.0,3.717488789237668,6.609865470852018,9.47982062780269,0.8475336322869955,3.878923766816144,1.452914798206278,0.8430493273542601,0.0044843049327354,0.0,0.6188340807174888,0.5650224215246636,0.5201793721973094,0.0044843049327354,0.0,0.0,0.0,0.0,8.511210762331839,3.721973094170404
75.0,4.085365853658536,5.134146341463414,8.731707317073171,1.6097560975609757,4.012195121951219,6.524390243902439,4.439024390243903,1.6585365853658536,0.0,4.280487804878049,1.304878048780488,0.5121951219512195,0.073170731707317,0.0975609756097561,0.0,0.0,0.0,7.548780487804878,3.292682926829268
76.0,2.960122699386503,6.819018404907975,10.552147239263803,11.003067484662576,4.233128834355829,4.929447852760736,2.205521472392638,0.3282208588957055,0.0,1.7453987730061349,0.4969325153374233,0.6840490797546013,0.0153374233128834,0.0245398773006134,0.0030674846625766,0.0030674846625766,0.0,14.751533742331288,5.969325153374233
77.0,1.3516949152542372,3.2203389830508478,4.703389830508475,5.067796610169491,2.1779661016949152,4.8559322033898304,2.360169491525424,0.0,0.0,1.7754237288135593,0.6652542372881356,1.0677966101694916,0.0254237288135593,0.0423728813559322,0.0,0.0,0.0,14.851694915254235,6.411016949152542
78.0,10.847715736040607,19.35871404399323,25.74280879864636,11.51776649746193,8.197969543147208,5.035532994923858,2.1099830795262267,1.8172588832487309,0.2199661590524534,0.9847715736040608,1.9458544839255496,1.4805414551607443,0.0473773265651438,0.0761421319796954,0.0,0.0016920473773265,0.0,24.76649746192893,9.884940778341791
79.0,10.768115942028986,15.014492753623188,20.38405797101449,1.963768115942029,7.36231884057971,33.905797101449274,11.681159420289855,1.6884057971014492,0.1014492753623188,10.217391304347826,3.3260869565217392,2.065217391304348,0.0434782608695652,0.4130434782608695,0.0144927536231884,0.0072463768115942,0.0,16.41304347826087,5.717391304347826
8.0,18.984234234234236,27.03828828828829,24.25225225225225,7.671171171171171,11.461711711711713,10.432432432432432,6.486486486486487,1.4076576576576576,0.0,3.7454954954954953,2.716216216216216,0.8761261261261262,0.0315315315315315,0.4572072072072072,0.0,0.0045045045045045,0.0,14.623873873873874,7.515765765765765
80.0,13.702439024390245,30.951219512195124,24.834146341463416,31.2390243902439,16.082926829268292,10.71219512195122,4.126829268292683,0.7560975609756098,0.0097560975609756,3.1170731707317074,0.9902439024390244,0.0,0.0439024390243902,0.1560975609756097,0.0,0.0097560975609756,0.0,0.0,12.990243902439024
81.0,9.094871794871796,24.08205128205128,22.27435897435897,2.341025641025641,6.833333333333333,0.0,0.0,0.0,0.0,0.0,0.0,0.0,0.0153846153846153,0.1205128205128205,0.0025641025641025,0.0025641025641025,0.0,0.0,5.430769230769231
82.0,5.62780269058296,15.993273542600896,25.48878923766816,21.65022421524664,13.044843049327357,0.0,0.0,0.0,0.0,0.0,0.0,0.7197309417040358,0.0089686098654708,0.0246636771300448,0.0,0.0,0.0,29.80493273542601,11.728699551569507
83.0,6.0395256916996045,10.561264822134389,15.743083003952568,3.6403162055335967,6.996047430830039,0.7035573122529645,0.4387351778656126,0.1541501976284585,0.0,0.1541501976284585,0.4229249011857707,0.6007905138339921,0.0079051383399209,0.0316205533596837,0.0,0.0,0.0,14.636363636363637,6.695652173913044
84.0,14.79591836734694,27.199372056514918,21.998430141287283,19.883830455259027,15.784929356357928,18.896389324960754,10.529042386185242,0.7739403453689168,0.0,6.846153846153846,3.686028257456829,0.0,0.1224489795918367,0.2935635792778649,0.0062794348508634,0.0078492935635792,0.0,0.0,17.164835164835164
85.0,10.305732484076431,22.59235668789809,32.04140127388535,34.060509554140125,11.609872611464969,13.945859872611464,6.057324840764331,2.0923566878980893,1.265923566878981,4.974522292993631,2.9378980891719744,1.0621019108280254,0.0477707006369426,0.0939490445859872,0.001592356687898,0.0031847133757961,0.0,30.202229299363054,13.259554140127388
86.0,6.4586357039187225,17.968069666182874,15.011611030478957,38.38896952104499,11.143686502177069,1.0275761973875182,0.6357039187227866,0.0,0.0,0.5689404934687954,0.1074020319303338,0.0,0.02322206095791,0.0391872278664731,0.0,0.0,0.0,0.0,7.747460087082729
87.0,10.48076923076923,23.903846153846157,34.98557692307692,156.51923076923077,11.79326923076923,14.625,12.461538461538462,0.0,0.0,6.014423076923077,7.5625,2.2596153846153846,0.1298076923076923,0.1875,0.0192307692307692,0.0144230769230769,0.0,31.85096153846154,14.20673076923077
88.0,7.995975855130784,19.50503018108652,17.048289738430583,30.06639839034205,7.746478873239437,8.336016096579478,4.770623742454728,0.7002012072434608,0.0,3.9275653923541247,0.8490945674044266,0.4889336016096579,0.0100603621730382,0.0261569416498993,0.0,0.0,0.0,14.672032193158952,7.830985915492958
89.0,7.731155778894473,13.105527638190956,11.801507537688442,1.736180904522613,4.798994974874372,6.344221105527638,4.384422110552764,0.1633165829145728,0.0,2.1608040201005023,2.1884422110552766,0.2663316582914573,0.0201005025125628,0.0201005025125628,0.0,0.0,0.0,7.175879396984925,4.959798994974874
9.0,6.634469696969697,12.575757575757576,10.907196969696969,20.488636363636363,6.543560606060606,14.880681818181818,6.395833333333333,0.7613636363636364,0.0,4.554924242424242,1.5965909090909092,0.0,0.0246212121212121,0.0681818181818181,0.0,0.0018939393939393,0.0,0.0,6.570075757575758
90.0,12.96600566572238,12.611898016997166,9.824362606232295,6.7507082152974505,11.943342776203966,51.77053824362606,15.410764872521248,0.5949008498583569,0.0,11.855524079320114,3.4334277620396603,0.6458923512747875,0.1161473087818696,0.1473087818696883,0.0028328611898017,0.0056657223796034,0.0,8.818696883852692,6.509915014164306
91.0,5.014388489208633,8.366906474820144,13.920863309352518,1.2158273381294964,6.597122302158273,17.741007194244606,6.302158273381295,1.9712230215827335,0.0,6.7913669064748206,1.60431654676259,0.6834532374100719,0.0719424460431654,0.0215827338129496,0.0287769784172661,0.0,0.0,11.985611510791369,5.338129496402877
92.0,18.0507614213198,24.908629441624367,33.46192893401015,5.751269035532995,12.629441624365482,12.192893401015228,6.913705583756345,0.5634517766497462,0.0,4.959390862944162,2.563451776649746,0.8477157360406091,0.0406091370558375,0.116751269035533,0.0050761421319796,0.015228426395939,0.0,26.101522842639596,11.6751269035533
93.0,1.9367088607594936,8.004219409282701,7.518987341772152,1.0084388185654007,5.1645569620253164,3.160337552742616,1.8987341772151896,0.1687763713080168,0.0,0.7890295358649789,1.2362869198312236,0.9957805907172996,0.189873417721519,0.0717299578059071,0.0042194092827004,0.0,0.0,17.362869198312236,5.789029535864979
94.0,4.710144927536232,7.391304347826087,12.079710144927535,2.340579710144928,5.565217391304348,1.2753623188405796,1.326086956521739,0.0,0.0,0.9782608695652174,0.9710144927536232,0.5,0.036231884057971,0.0797101449275362,0.0,0.0,0.0,14.86231884057971,6.666666666666667
95.0,7.379518072289157,11.325301204819278,16.337349397590362,0.5963855421686747,6.72289156626506,26.49397590361446,6.445783132530121,4.385542168674699,0.0,7.602409638554217,1.963855421686747,1.3614457831325302,0.0602409638554216,0.1686746987951807,0.0,0.0,0.0,15.72289156626506,5.397590361445783
96.0,3.681564245810056,7.052141527001862,5.383612662942272,30.297951582867785,5.996275605214152,13.156424581005586,2.7057728119180635,0.2141527001862197,0.0,1.4860335195530727,1.217877094972067,0.4823091247672253,0.0242085661080074,0.0726256983240223,0.0018621973929236,0.0018621973929236,0.0,8.649906890130353,5.662942271880819
97.0,21.2687908496732,32.74591503267974,42.10049019607843,37.10049019607843,13.352124183006536,11.147875816993464,4.919934640522876,2.9558823529411766,0.0,3.338235294117647,3.313725490196078,2.4223856209150325,0.0253267973856209,0.8145424836601307,0.0032679738562091,0.0196078431372549,0.0,30.058823529411764,11.459967320261438
98.0,13.996031746031743,17.055555555555557,23.33730158730159,3.345238095238096,7.646825396825397,7.5396825396825395,2.833333333333333,3.0198412698412698,0.0,2.8412698412698414,1.6031746031746033,1.5873015873015872,0.115079365079365,0.2619047619047619,0.0,0.0039682539682539,0.0,21.142857142857142,9.623015873015872
99.0,9.281893004115226,21.36111111111111,28.516460905349795,33.443415637860085,10.893004115226338,5.921810699588478,1.3487654320987654,1.022633744855967,0.0,0.8796296296296297,1.029835390946502,1.7736625514403292,0.0246913580246913,0.1018518518518518,0.0,0.0,0.0,26.88374485596708,10.796296296296296
